plantId,plantName,lineId,lineName,machineType,machineId,resolvedStatus,healthScore,openWorkOrderCount,lastUpdateAt,lastTelemetryEventId,lastTelemetryAt,statusRaw,faultCodeId,lastOperatorReportId,lastOverrideAt,statusOverride,lastWorkOrderId,lastWorkOrderCreatedByType,lastWorkOrderCreatedById,lastWorkOrderChangeAt
1,Plant A,101,Line 1,Press,1001,Running,83.38,0,2025-12-30 12:25,50001,2025-12-30 12:19,UnderMaintenance,,,,,,,,
1,Plant A,101,Line 1,Conveyor,1002,Idle,79.08,0,2025-12-30 14:24,50002,2025-12-30 14:16,UnderMaintenance,,,,,,,,
1,Plant A,101,Line 1,Pump,1003,UnderMaintenance,57.75,1,2025-12-30 12:49,50003,2025-12-30 12:46,Idle,,,,,70001.0,User,2012.0,2025-12-30 12:01
1,Plant A,101,Line 1,CNC,1004,Idle,73.77,0,2025-12-30 12:17,50004,2025-12-30 12:13,Running,,90001.0,2025-12-30 12:09,Idle,,,,
1,Plant A,101,Line 1,CNC,1005,Idle,68.3,0,2025-12-30 13:43,50005,2025-12-30 13:34,Idle,,,,,,,,
1,Plant A,101,Line 1,CNC,1006,Running,80.64,0,2025-12-30 13:46,50006,2025-12-30 13:43,UnderMaintenance,,,,,,,,
1,Plant A,101,Line 1,Press,1007,Idle,77.41,0,2025-12-30 14:39,50007,2025-12-30 14:32,UnderMaintenance,,90002.0,2025-12-30 13:35,Idle,,,,
1,Plant A,101,Line 1,CNC,1008,Idle,55.95,0,2025-12-30 12:37,50008,2025-12-30 12:36,Idle,,,,,,,,
1,Plant A,101,Line 1,Conveyor,1009,Running,80.15,0,2025-12-30 14:59,50009,2025-12-30 14:57,Fault,,,,,,,,
1,Plant A,101,Line 1,CNC,1010,Idle,79.34,0,2025-12-30 13:28,50010,2025-12-30 13:27,Idle,,90003.0,2025-12-30 10:13,Idle,,,,
1,Plant A,101,Line 1,CNC,1011,UnderMaintenance,52.14,2,2025-12-30 14:07,50011,2025-12-30 14:02,Idle,,,,,70002.0,RuleEngine,328.0,2025-12-30 13:50
1,Plant A,101,Line 1,Pump,1012,UnderMaintenance,46.52,2,2025-12-30 12:47,50012,2025-12-30 12:47,Fault,,90004.0,2025-12-30 09:25,Fault,70003.0,RuleEngine,306.0,2025-12-30 12:35
1,Plant A,101,Line 1,Pump,1013,Idle,73.5,0,2025-12-30 12:33,50013,2025-12-30 12:24,Running,,,,,,,,
1,Plant A,101,Line 1,CNC,1014,Idle,75.83,0,2025-12-30 13:36,50014,2025-12-30 13:36,Running,,,,,,,,
1,Plant A,101,Line 1,Conveyor,1015,Fault,29.33,0,2025-12-30 14:08,50015,2025-12-30 13:59,UnderMaintenance,138.0,,,,,,,
1,Plant A,101,Line 1,CNC,1016,UnderMaintenance,17.37,1,2025-12-30 13:55,50016,2025-12-30 13:48,Idle,114.0,,,,70004.0,RuleEngine,303.0,2025-12-30 12:55
1,Plant A,101,Line 1,Pump,1017,Idle,66.77,0,2025-12-30 13:13,50017,2025-12-30 13:10,Fault,,,,,,,,
1,Plant A,101,Line 1,CNC,1018,UnderMaintenance,30.28,2,2025-12-30 13:40,50018,2025-12-30 13:33,UnderMaintenance,,90005.0,2025-12-30 12:00,Fault,70005.0,RuleEngine,304.0,2025-12-30 12:32
1,Plant A,101,Line 1,CNC,1019,UnderMaintenance,67.36,1,2025-12-30 15:13,50019,2025-12-30 15:05,Idle,,90006.0,2025-12-30 13:39,Idle,70006.0,User,2009.0,2025-12-30 14:52
1,Plant A,101,Line 1,Conveyor,1020,Running,92.02,0,2025-12-30 12:40,50020,2025-12-30 12:35,Idle,,,,,,,,
1,Plant A,102,Line 2,CNC,1021,UnderMaintenance,52.64,2,2025-12-30 14:39,50021,2025-12-30 14:30,Fault,,,,,70007.0,User,2026.0,2025-12-30 13:24
1,Plant A,102,Line 2,Pump,1022,Running,100.0,0,2025-12-30 12:29,50022,2025-12-30 12:29,Fault,,,,,,,,
1,Plant A,102,Line 2,CNC,1023,UnderMaintenance,41.71,2,2025-12-30 14:30,50023,2025-12-30 14:23,Running,,90007.0,2025-12-30 13:50,Idle,70008.0,RuleEngine,308.0,2025-12-30 13:57
1,Plant A,102,Line 2,Conveyor,1024,Idle,59.03,0,2025-12-30 14:22,50024,2025-12-30 14:13,Running,,,,,,,,
1,Plant A,102,Line 2,CNC,1025,Idle,74.25,0,2025-12-30 14:44,50025,2025-12-30 14:39,Idle,,,,,,,,
1,Plant A,102,Line 2,Conveyor,1026,Fault,34.69,0,2025-12-30 14:33,50026,2025-12-30 14:27,UnderMaintenance,107.0,,,,,,,
1,Plant A,102,Line 2,Press,1027,Idle,68.87,0,2025-12-30 13:04,50027,2025-12-30 12:56,UnderMaintenance,,,,,,,,
1,Plant A,102,Line 2,Pump,1028,UnderMaintenance,25.17,2,2025-12-30 13:41,50028,2025-12-30 13:33,Idle,117.0,,,,70009.0,User,2001.0,2025-12-30 12:16
1,Plant A,102,Line 2,Conveyor,1029,Fault,58.7,0,2025-12-30 13:29,50029,2025-12-30 13:28,Idle,118.0,,,,,,,
1,Plant A,102,Line 2,CNC,1030,Running,100.0,0,2025-12-30 13:57,50030,2025-12-30 13:51,UnderMaintenance,,90008.0,2025-12-30 13:01,Running,,,,
1,Plant A,102,Line 2,Press,1031,Running,100.0,0,2025-12-30 13:51,50031,2025-12-30 13:42,Running,,,,,,,,
1,Plant A,102,Line 2,Conveyor,1032,Idle,77.78,0,2025-12-30 14:48,50032,2025-12-30 14:47,UnderMaintenance,,,,,,,,
1,Plant A,102,Line 2,CNC,1033,UnderMaintenance,35.29,2,2025-12-30 13:57,50033,2025-12-30 13:50,Idle,,,,,70010.0,User,2038.0,2025-12-30 13:20
1,Plant A,102,Line 2,Conveyor,1034,UnderMaintenance,47.99,1,2025-12-30 13:16,50034,2025-12-30 13:16,Running,,90009.0,2025-12-30 11:53,Fault,70011.0,RuleEngine,309.0,2025-12-30 11:58
1,Plant A,102,Line 2,Press,1035,UnderMaintenance,37.35,1,2025-12-30 13:16,50035,2025-12-30 13:14,Running,,90010.0,2025-12-30 11:45,Idle,70012.0,User,2047.0,2025-12-30 11:47
1,Plant A,102,Line 2,CNC,1036,UnderMaintenance,34.48,2,2025-12-30 13:16,50036,2025-12-30 13:10,Idle,,,,,70013.0,User,2035.0,2025-12-30 12:50
1,Plant A,102,Line 2,CNC,1037,UnderMaintenance,44.81,2,2025-12-30 14:13,50037,2025-12-30 14:06,UnderMaintenance,111.0,90011.0,2025-12-30 11:16,Running,70014.0,User,2025.0,2025-12-30 13:57
1,Plant A,102,Line 2,CNC,1038,Running,87.2,0,2025-12-30 12:44,50038,2025-12-30 12:41,Fault,,,,,,,,
1,Plant A,102,Line 2,Conveyor,1039,Fault,53.64,0,2025-12-30 14:43,50039,2025-12-30 14:35,UnderMaintenance,128.0,,,,,,,
1,Plant A,102,Line 2,Pump,1040,Running,82.51,0,2025-12-30 13:14,50040,2025-12-30 13:11,UnderMaintenance,,,,,,,,
1,Plant A,103,Line 3,Pump,1041,Idle,74.79,0,2025-12-30 14:41,50041,2025-12-30 14:39,Fault,,,,,,,,
1,Plant A,103,Line 3,Press,1042,Idle,68.01,0,2025-12-30 14:53,50042,2025-12-30 14:45,Idle,,,,,,,,
1,Plant A,103,Line 3,Pump,1043,UnderMaintenance,51.73,2,2025-12-30 12:16,50043,2025-12-30 12:10,UnderMaintenance,,,,,70015.0,RuleEngine,305.0,2025-12-30 11:56
1,Plant A,103,Line 3,Pump,1044,Fault,33.25,0,2025-12-30 14:38,50044,2025-12-30 14:34,UnderMaintenance,116.0,,,,,,,
1,Plant A,103,Line 3,Press,1045,UnderMaintenance,38.14,1,2025-12-30 13:37,50045,2025-12-30 13:37,UnderMaintenance,,,,,70016.0,User,2039.0,2025-12-30 13:21
1,Plant A,103,Line 3,Press,1046,Fault,15.51,0,2025-12-30 14:15,50046,2025-12-30 14:08,Running,136.0,,,,,,,
1,Plant A,103,Line 3,Conveyor,1047,Running,81.45,0,2025-12-30 14:44,50047,2025-12-30 14:39,UnderMaintenance,,90012.0,2025-12-30 11:05,Idle,,,,
1,Plant A,103,Line 3,Conveyor,1048,UnderMaintenance,31.79,1,2025-12-30 14:36,50048,2025-12-30 14:28,Fault,,,,,70017.0,User,2019.0,2025-12-30 14:05
1,Plant A,103,Line 3,Conveyor,1049,Running,82.67,0,2025-12-30 12:26,50049,2025-12-30 12:17,UnderMaintenance,,,,,,,,
1,Plant A,103,Line 3,CNC,1050,UnderMaintenance,20.58,2,2025-12-30 13:01,50050,2025-12-30 12:59,Running,120.0,,,,70018.0,RuleEngine,318.0,2025-12-30 12:15
1,Plant A,103,Line 3,Press,1051,UnderMaintenance,39.87,2,2025-12-30 14:29,50051,2025-12-30 14:24,Idle,,,,,70019.0,User,2025.0,2025-12-30 13:04
1,Plant A,103,Line 3,Pump,1052,Running,84.98,0,2025-12-30 14:51,50052,2025-12-30 14:48,Fault,,,,,,,,
1,Plant A,103,Line 3,Press,1053,Idle,75.3,0,2025-12-30 12:21,50053,2025-12-30 12:13,UnderMaintenance,,,,,,,,
1,Plant A,103,Line 3,Pump,1054,Fault,37.9,0,2025-12-30 15:08,50054,2025-12-30 15:01,Running,120.0,,,,,,,
1,Plant A,103,Line 3,Press,1055,UnderMaintenance,39.12,2,2025-12-30 12:53,50055,2025-12-30 12:45,Idle,,90013.0,2025-12-30 09:52,Running,70020.0,RuleEngine,321.0,2025-12-30 12:20
1,Plant A,103,Line 3,CNC,1056,Idle,52.01,0,2025-12-30 12:30,50056,2025-12-30 12:22,Idle,,90014.0,2025-12-30 10:27,Running,,,,
1,Plant A,103,Line 3,CNC,1057,UnderMaintenance,45.51,2,2025-12-30 14:59,50057,2025-12-30 14:58,Fault,,,,,70021.0,RuleEngine,313.0,2025-12-30 13:55
1,Plant A,103,Line 3,Pump,1058,Running,86.35,0,2025-12-30 14:35,50058,2025-12-30 14:31,UnderMaintenance,,,,,,,,
1,Plant A,103,Line 3,Conveyor,1059,Fault,38.12,0,2025-12-30 14:00,50059,2025-12-30 13:58,Idle,130.0,90015.0,2025-12-30 10:10,Idle,,,,
1,Plant A,103,Line 3,Press,1060,UnderMaintenance,34.66,1,2025-12-30 14:02,50060,2025-12-30 14:02,Idle,,90016.0,2025-12-30 10:23,Fault,70022.0,User,2020.0,2025-12-30 13:10
1,Plant A,104,Line 4,Conveyor,1061,UnderMaintenance,40.76,1,2025-12-30 15:03,50061,2025-12-30 14:58,UnderMaintenance,,,,,70023.0,RuleEngine,317.0,2025-12-30 14:15
1,Plant A,104,Line 4,Pump,1062,Running,93.36,0,2025-12-30 13:08,50062,2025-12-30 13:07,Running,,,,,,,,
1,Plant A,104,Line 4,Pump,1063,UnderMaintenance,60.71,1,2025-12-30 12:48,50063,2025-12-30 12:45,Idle,,,,,70024.0,User,2008.0,2025-12-30 11:40
1,Plant A,104,Line 4,CNC,1064,Running,95.25,0,2025-12-30 12:37,50064,2025-12-30 12:32,UnderMaintenance,,,,,,,,
1,Plant A,104,Line 4,CNC,1065,UnderMaintenance,33.39,1,2025-12-30 15:00,50065,2025-12-30 14:53,Fault,128.0,,,,70025.0,RuleEngine,308.0,2025-12-30 14:06
1,Plant A,104,Line 4,Press,1066,Idle,63.47,0,2025-12-30 14:30,50066,2025-12-30 14:25,Running,,,,,,,,
1,Plant A,104,Line 4,Press,1067,Idle,60.52,0,2025-12-30 14:31,50067,2025-12-30 14:27,Idle,,,,,,,,
1,Plant A,104,Line 4,Press,1068,UnderMaintenance,47.21,2,2025-12-30 12:56,50068,2025-12-30 12:47,Fault,,90017.0,2025-12-30 09:29,Running,70026.0,User,2018.0,2025-12-30 11:32
1,Plant A,104,Line 4,Pump,1069,Running,91.45,0,2025-12-30 13:46,50069,2025-12-30 13:46,Running,,,,,,,,
1,Plant A,104,Line 4,Pump,1070,UnderMaintenance,33.12,1,2025-12-30 13:50,50070,2025-12-30 13:42,Fault,,,,,70027.0,User,2026.0,2025-12-30 13:19
1,Plant A,104,Line 4,CNC,1071,Fault,48.6,0,2025-12-30 14:43,50071,2025-12-30 14:36,Idle,117.0,,,,,,,
1,Plant A,104,Line 4,CNC,1072,UnderMaintenance,46.83,1,2025-12-30 14:08,50072,2025-12-30 14:06,UnderMaintenance,,,,,70028.0,RuleEngine,304.0,2025-12-30 13:46
1,Plant A,104,Line 4,Press,1073,UnderMaintenance,67.06,1,2025-12-30 14:34,50073,2025-12-30 14:32,Idle,,,,,70029.0,User,2021.0,2025-12-30 14:16
1,Plant A,104,Line 4,Pump,1074,UnderMaintenance,56.91,2,2025-12-30 13:48,50074,2025-12-30 13:41,Idle,,,,,70030.0,RuleEngine,301.0,2025-12-30 13:14
1,Plant A,104,Line 4,CNC,1075,Fault,18.28,0,2025-12-30 15:03,50075,2025-12-30 15:02,Running,125.0,90018.0,2025-12-30 13:56,Fault,,,,
1,Plant A,104,Line 4,CNC,1076,Running,79.65,0,2025-12-30 15:11,50076,2025-12-30 15:11,Running,,90019.0,2025-12-30 13:22,Running,,,,
1,Plant A,104,Line 4,Press,1077,Idle,70.09,0,2025-12-30 14:46,50077,2025-12-30 14:46,Running,,,,,,,,
1,Plant A,104,Line 4,Pump,1078,Fault,12.97,0,2025-12-30 14:02,50078,2025-12-30 13:54,UnderMaintenance,124.0,,,,,,,
1,Plant A,104,Line 4,Press,1079,Idle,50.74,0,2025-12-30 15:11,50079,2025-12-30 15:05,UnderMaintenance,,,,,,,,
1,Plant A,104,Line 4,Pump,1080,Fault,49.96,0,2025-12-30 15:07,50080,2025-12-30 14:59,Idle,112.0,,,,,,,
1,Plant A,105,Line 5,Press,1081,UnderMaintenance,68.17,1,2025-12-30 13:25,50081,2025-12-30 13:18,Fault,,90020.0,2025-12-30 11:51,Idle,70031.0,RuleEngine,323.0,2025-12-30 12:52
1,Plant A,105,Line 5,CNC,1082,UnderMaintenance,34.26,2,2025-12-30 13:28,50082,2025-12-30 13:24,Fault,,,,,70032.0,User,2037.0,2025-12-30 12:36
1,Plant A,105,Line 5,Pump,1083,Running,84.52,0,2025-12-30 12:28,50083,2025-12-30 12:28,Running,,,,,,,,
1,Plant A,105,Line 5,Press,1084,Running,83.55,0,2025-12-30 14:03,50084,2025-12-30 14:00,Running,,90021.0,2025-12-30 10:52,Running,,,,
1,Plant A,105,Line 5,Conveyor,1085,Idle,71.97,0,2025-12-30 13:12,50085,2025-12-30 13:05,Fault,,,,,,,,
1,Plant A,105,Line 5,CNC,1086,Fault,12.11,0,2025-12-30 13:09,50086,2025-12-30 13:05,Fault,136.0,,,,,,,
1,Plant A,105,Line 5,Pump,1087,UnderMaintenance,46.11,1,2025-12-30 13:45,50087,2025-12-30 13:45,Fault,,,,,70033.0,RuleEngine,322.0,2025-12-30 13:09
1,Plant A,105,Line 5,CNC,1088,UnderMaintenance,69.25,1,2025-12-30 12:59,50088,2025-12-30 12:50,Running,,,,,70034.0,RuleEngine,304.0,2025-12-30 12:22
1,Plant A,105,Line 5,Conveyor,1089,Idle,61.53,0,2025-12-30 14:34,50089,2025-12-30 14:32,Idle,,,,,,,,
1,Plant A,105,Line 5,Press,1090,UnderMaintenance,23.17,1,2025-12-30 14:00,50090,2025-12-30 13:56,Running,112.0,,,,70035.0,User,2009.0,2025-12-30 13:41
1,Plant A,105,Line 5,Conveyor,1091,UnderMaintenance,56.08,1,2025-12-30 14:11,50091,2025-12-30 14:04,UnderMaintenance,,,,,70036.0,User,2013.0,2025-12-30 13:33
1,Plant A,105,Line 5,Conveyor,1092,Running,99.8,0,2025-12-30 12:51,50092,2025-12-30 12:48,Running,,,,,,,,
1,Plant A,105,Line 5,Pump,1093,Idle,100.0,0,2025-12-30 15:14,50093,2025-12-30 15:10,Idle,,90022.0,2025-12-30 14:11,Idle,,,,
1,Plant A,105,Line 5,Pump,1094,Idle,48.37,0,2025-12-30 12:49,50094,2025-12-30 12:45,Idle,,,,,,,,
1,Plant A,105,Line 5,Pump,1095,Fault,48.83,0,2025-12-30 15:08,50095,2025-12-30 15:01,Fault,102.0,,,,,,,
1,Plant A,105,Line 5,CNC,1096,UnderMaintenance,57.0,1,2025-12-30 12:55,50096,2025-12-30 12:52,Running,,,,,70037.0,User,2037.0,2025-12-30 12:13
1,Plant A,105,Line 5,Conveyor,1097,UnderMaintenance,54.02,1,2025-12-30 14:46,50097,2025-12-30 14:41,Idle,133.0,,,,70038.0,User,2027.0,2025-12-30 14:06
1,Plant A,105,Line 5,Pump,1098,Running,100.0,0,2025-12-30 13:12,50098,2025-12-30 13:11,Fault,,,,,,,,
1,Plant A,105,Line 5,Pump,1099,Idle,65.06,0,2025-12-30 14:57,50099,2025-12-30 14:54,Fault,,,,,,,,
1,Plant A,105,Line 5,Press,1100,Idle,71.86,0,2025-12-30 15:08,50100,2025-12-30 15:03,UnderMaintenance,,,,,,,,
1,Plant A,106,Line 6,Conveyor,1101,Idle,67.12,0,2025-12-30 15:03,50101,2025-12-30 14:56,Idle,,,,,,,,
1,Plant A,106,Line 6,Pump,1102,Running,98.01,0,2025-12-30 13:57,50102,2025-12-30 13:51,UnderMaintenance,,,,,,,,
1,Plant A,106,Line 6,Press,1103,UnderMaintenance,30.7,2,2025-12-30 14:55,50103,2025-12-30 14:51,Idle,,,,,70039.0,RuleEngine,316.0,2025-12-30 14:37
1,Plant A,106,Line 6,Pump,1104,Idle,22.99,0,2025-12-30 13:47,50104,2025-12-30 13:46,Running,111.0,90023.0,2025-12-30 11:56,Idle,,,,
1,Plant A,106,Line 6,Press,1105,Fault,34.27,0,2025-12-30 14:11,50105,2025-12-30 14:07,Idle,110.0,,,,,,,
1,Plant A,106,Line 6,Pump,1106,Idle,70.17,0,2025-12-30 13:59,50106,2025-12-30 13:52,UnderMaintenance,,,,,,,,
1,Plant A,106,Line 6,Conveyor,1107,Idle,76.75,0,2025-12-30 15:05,50107,2025-12-30 14:58,Running,,,,,,,,
1,Plant A,106,Line 6,Conveyor,1108,Fault,51.75,0,2025-12-30 12:52,50108,2025-12-30 12:43,Running,138.0,90024.0,2025-12-30 11:30,Fault,,,,
1,Plant A,106,Line 6,CNC,1109,UnderMaintenance,33.69,2,2025-12-30 14:52,50109,2025-12-30 14:51,Idle,132.0,,,,70040.0,User,2016.0,2025-12-30 14:14
1,Plant A,106,Line 6,Conveyor,1110,Idle,66.02,0,2025-12-30 13:33,50110,2025-12-30 13:24,Fault,,,,,,,,
1,Plant A,106,Line 6,Conveyor,1111,Idle,51.04,0,2025-12-30 12:16,50111,2025-12-30 12:10,Fault,,,,,,,,
1,Plant A,106,Line 6,Conveyor,1112,UnderMaintenance,50.61,2,2025-12-30 12:35,50112,2025-12-30 12:35,UnderMaintenance,,,,,70041.0,RuleEngine,320.0,2025-12-30 11:59
1,Plant A,106,Line 6,Conveyor,1113,Idle,42.41,0,2025-12-30 14:36,50113,2025-12-30 14:29,Idle,,,,,,,,
1,Plant A,106,Line 6,CNC,1114,UnderMaintenance,45.28,2,2025-12-30 13:03,50114,2025-12-30 13:02,Idle,,,,,70042.0,RuleEngine,322.0,2025-12-30 12:15
1,Plant A,106,Line 6,Pump,1115,UnderMaintenance,46.3,1,2025-12-30 14:21,50115,2025-12-30 14:16,Fault,,,,,70043.0,User,2012.0,2025-12-30 14:07
1,Plant A,106,Line 6,Conveyor,1116,UnderMaintenance,38.48,1,2025-12-30 13:48,50116,2025-12-30 13:42,Running,,,,,70044.0,User,2020.0,2025-12-30 12:31
1,Plant A,106,Line 6,Press,1117,Idle,57.33,0,2025-12-30 13:08,50117,2025-12-30 13:07,UnderMaintenance,,,,,,,,
1,Plant A,106,Line 6,Press,1118,UnderMaintenance,68.63,2,2025-12-30 14:39,50118,2025-12-30 14:38,Fault,,,,,70045.0,RuleEngine,323.0,2025-12-30 14:31
1,Plant A,106,Line 6,CNC,1119,UnderMaintenance,43.0,2,2025-12-30 14:24,50119,2025-12-30 14:21,Running,100.0,90025.0,2025-12-30 12:23,Running,70046.0,User,2037.0,2025-12-30 14:02
1,Plant A,106,Line 6,Conveyor,1120,Fault,24.7,0,2025-12-30 12:20,50120,2025-12-30 12:16,Running,128.0,,,,,,,
1,Plant A,107,Line 7,Pump,1121,Fault,11.53,0,2025-12-30 13:21,50121,2025-12-30 13:12,Fault,133.0,90026.0,2025-12-30 10:39,Running,,,,
1,Plant A,107,Line 7,Press,1122,Idle,92.63,0,2025-12-30 14:28,50122,2025-12-30 14:27,UnderMaintenance,,90027.0,2025-12-30 11:52,Idle,,,,
1,Plant A,107,Line 7,Press,1123,UnderMaintenance,25.62,1,2025-12-30 13:42,50123,2025-12-30 13:36,UnderMaintenance,124.0,,,,70047.0,User,2036.0,2025-12-30 12:17
1,Plant A,107,Line 7,Conveyor,1124,Fault,51.58,0,2025-12-30 14:39,50124,2025-12-30 14:39,Idle,102.0,,,,,,,
1,Plant A,107,Line 7,CNC,1125,Running,81.29,0,2025-12-30 13:54,50125,2025-12-30 13:48,UnderMaintenance,,,,,,,,
1,Plant A,107,Line 7,Pump,1126,UnderMaintenance,57.64,2,2025-12-30 14:32,50126,2025-12-30 14:23,Running,,,,,70048.0,User,2035.0,2025-12-30 13:50
1,Plant A,107,Line 7,Pump,1127,UnderMaintenance,61.85,2,2025-12-30 13:27,50127,2025-12-30 13:19,Fault,,90028.0,2025-12-30 09:30,Idle,70049.0,User,2015.0,2025-12-30 13:12
1,Plant A,107,Line 7,Pump,1128,Idle,79.23,0,2025-12-30 15:06,50128,2025-12-30 15:00,Idle,,,,,,,,
1,Plant A,107,Line 7,Pump,1129,Running,83.55,0,2025-12-30 12:25,50129,2025-12-30 12:23,UnderMaintenance,,,,,,,,
1,Plant A,107,Line 7,Pump,1130,UnderMaintenance,66.49,1,2025-12-30 13:23,50130,2025-12-30 13:14,Running,,,,,70050.0,User,2021.0,2025-12-30 12:19
1,Plant A,107,Line 7,CNC,1131,Idle,85.31,0,2025-12-30 14:04,50131,2025-12-30 13:59,Idle,,90029.0,2025-12-30 11:56,Idle,,,,
1,Plant A,107,Line 7,Pump,1132,UnderMaintenance,46.27,1,2025-12-30 13:05,50132,2025-12-30 13:05,UnderMaintenance,,,,,70051.0,RuleEngine,311.0,2025-12-30 11:42
1,Plant A,107,Line 7,Pump,1133,Running,100.0,0,2025-12-30 13:47,50133,2025-12-30 13:40,Fault,,,,,,,,
1,Plant A,107,Line 7,CNC,1134,UnderMaintenance,49.27,1,2025-12-30 14:24,50134,2025-12-30 14:17,Fault,,,,,70052.0,User,2013.0,2025-12-30 13:11
1,Plant A,107,Line 7,Conveyor,1135,Fault,50.16,0,2025-12-30 12:46,50135,2025-12-30 12:46,Running,124.0,,,,,,,
1,Plant A,107,Line 7,CNC,1136,UnderMaintenance,41.02,2,2025-12-30 12:35,50136,2025-12-30 12:29,Fault,,,,,70053.0,RuleEngine,308.0,2025-12-30 11:16
1,Plant A,107,Line 7,Conveyor,1137,Fault,18.51,0,2025-12-30 15:07,50137,2025-12-30 15:02,UnderMaintenance,105.0,,,,,,,
1,Plant A,107,Line 7,Pump,1138,Idle,79.49,0,2025-12-30 15:13,50138,2025-12-30 15:11,Idle,,,,,,,,
1,Plant A,107,Line 7,Conveyor,1139,Idle,63.14,0,2025-12-30 13:59,50139,2025-12-30 13:58,UnderMaintenance,,,,,,,,
1,Plant A,107,Line 7,CNC,1140,Running,84.68,0,2025-12-30 14:04,50140,2025-12-30 13:55,Idle,,,,,,,,
1,Plant A,108,Line 8,Press,1141,UnderMaintenance,31.6,2,2025-12-30 14:20,50141,2025-12-30 14:14,Running,,,,,70054.0,RuleEngine,324.0,2025-12-30 14:07
1,Plant A,108,Line 8,CNC,1142,Idle,22.8,0,2025-12-30 13:09,50142,2025-12-30 13:06,Fault,100.0,90030.0,2025-12-30 11:16,Idle,,,,
1,Plant A,108,Line 8,CNC,1143,Running,100.0,0,2025-12-30 13:29,50143,2025-12-30 13:28,Idle,,,,,,,,
1,Plant A,108,Line 8,CNC,1144,Idle,72.24,0,2025-12-30 13:34,50144,2025-12-30 13:30,UnderMaintenance,,,,,,,,
1,Plant A,108,Line 8,Conveyor,1145,Fault,25.42,0,2025-12-30 12:40,50145,2025-12-30 12:36,Fault,128.0,,,,,,,
1,Plant A,108,Line 8,CNC,1146,UnderMaintenance,42.31,1,2025-12-30 12:50,50146,2025-12-30 12:41,Idle,,,,,70055.0,User,2021.0,2025-12-30 11:35
1,Plant A,108,Line 8,Press,1147,Idle,58.04,0,2025-12-30 12:38,50147,2025-12-30 12:32,UnderMaintenance,,,,,,,,
1,Plant A,108,Line 8,CNC,1148,UnderMaintenance,32.72,1,2025-12-30 14:19,50148,2025-12-30 14:12,Idle,,90031.0,2025-12-30 10:41,Idle,70056.0,User,2004.0,2025-12-30 12:50
1,Plant A,108,Line 8,CNC,1149,Running,86.66,0,2025-12-30 14:55,50149,2025-12-30 14:50,Idle,,,,,,,,
1,Plant A,108,Line 8,Conveyor,1150,UnderMaintenance,30.32,2,2025-12-30 14:44,50150,2025-12-30 14:36,Idle,,90032.0,2025-12-30 11:16,Idle,70057.0,User,2016.0,2025-12-30 14:34
1,Plant A,108,Line 8,Pump,1151,UnderMaintenance,34.55,1,2025-12-30 14:23,50151,2025-12-30 14:21,Fault,,90033.0,2025-12-30 11:21,Idle,70058.0,User,2017.0,2025-12-30 13:15
1,Plant A,108,Line 8,Conveyor,1152,Fault,37.59,0,2025-12-30 13:13,50152,2025-12-30 13:08,Running,134.0,,,,,,,
1,Plant A,108,Line 8,Press,1153,Running,92.11,0,2025-12-30 12:57,50153,2025-12-30 12:50,Running,,,,,,,,
1,Plant A,108,Line 8,Press,1154,Idle,68.09,0,2025-12-30 12:39,50154,2025-12-30 12:35,UnderMaintenance,,,,,,,,
1,Plant A,108,Line 8,Press,1155,Idle,77.11,0,2025-12-30 14:17,50155,2025-12-30 14:11,Idle,,90034.0,2025-12-30 13:31,Idle,,,,
1,Plant A,108,Line 8,Pump,1156,UnderMaintenance,71.81,2,2025-12-30 14:10,50156,2025-12-30 14:02,Running,,,,,70059.0,RuleEngine,323.0,2025-12-30 13:41
1,Plant A,108,Line 8,CNC,1157,Idle,69.2,0,2025-12-30 12:47,50157,2025-12-30 12:42,Idle,,,,,,,,
1,Plant A,108,Line 8,CNC,1158,Idle,63.93,0,2025-12-30 14:05,50158,2025-12-30 14:00,Idle,,,,,,,,
1,Plant A,108,Line 8,Pump,1159,UnderMaintenance,46.35,1,2025-12-30 12:36,50159,2025-12-30 12:28,Idle,,90035.0,2025-12-30 09:17,Running,70060.0,RuleEngine,314.0,2025-12-30 11:47
1,Plant A,108,Line 8,Pump,1160,UnderMaintenance,13.96,1,2025-12-30 12:43,50160,2025-12-30 12:42,Idle,111.0,,,,70061.0,RuleEngine,323.0,2025-12-30 11:31
1,Plant A,109,Line 9,Pump,1161,Idle,62.68,0,2025-12-30 12:36,50161,2025-12-30 12:30,Fault,,,,,,,,
1,Plant A,109,Line 9,Pump,1162,UnderMaintenance,51.94,2,2025-12-30 12:31,50162,2025-12-30 12:26,Fault,,,,,70062.0,RuleEngine,329.0,2025-12-30 12:19
1,Plant A,109,Line 9,Press,1163,Running,87.07,0,2025-12-30 12:46,50163,2025-12-30 12:44,Running,,90036.0,2025-12-30 12:28,Running,,,,
1,Plant A,109,Line 9,CNC,1164,Idle,38.61,0,2025-12-30 13:03,50164,2025-12-30 13:03,Idle,,,,,,,,
1,Plant A,109,Line 9,Conveyor,1165,UnderMaintenance,76.9,1,2025-12-30 12:36,50165,2025-12-30 12:27,Fault,,,,,70063.0,RuleEngine,300.0,2025-12-30 11:45
1,Plant A,109,Line 9,CNC,1166,UnderMaintenance,49.71,1,2025-12-30 12:21,50166,2025-12-30 12:17,Running,,,,,70064.0,User,2018.0,2025-12-30 11:15
1,Plant A,109,Line 9,Press,1167,UnderMaintenance,36.96,2,2025-12-30 14:39,50167,2025-12-30 14:34,Running,,,,,70065.0,RuleEngine,328.0,2025-12-30 14:14
1,Plant A,109,Line 9,Press,1168,Idle,76.55,0,2025-12-30 12:31,50168,2025-12-30 12:28,Idle,,,,,,,,
1,Plant A,109,Line 9,Pump,1169,UnderMaintenance,13.02,1,2025-12-30 13:15,50169,2025-12-30 13:08,Fault,120.0,,,,70066.0,User,2024.0,2025-12-30 13:01
1,Plant A,109,Line 9,Conveyor,1170,Fault,13.0,0,2025-12-30 15:07,50170,2025-12-30 15:02,Fault,139.0,,,,,,,
1,Plant A,109,Line 9,CNC,1171,UnderMaintenance,70.5,1,2025-12-30 13:41,50171,2025-12-30 13:37,Idle,,,,,70067.0,User,2035.0,2025-12-30 12:24
1,Plant A,109,Line 9,Conveyor,1172,UnderMaintenance,58.75,1,2025-12-30 15:12,50172,2025-12-30 15:08,Fault,,,,,70068.0,RuleEngine,312.0,2025-12-30 13:43
1,Plant A,109,Line 9,Press,1173,UnderMaintenance,45.47,1,2025-12-30 13:49,50173,2025-12-30 13:45,UnderMaintenance,,,,,70069.0,User,2018.0,2025-12-30 12:26
1,Plant A,109,Line 9,Conveyor,1174,UnderMaintenance,69.87,2,2025-12-30 12:45,50174,2025-12-30 12:41,Idle,,,,,70070.0,User,2009.0,2025-12-30 11:53
1,Plant A,109,Line 9,CNC,1175,UnderMaintenance,44.53,2,2025-12-30 13:00,50175,2025-12-30 12:59,Idle,,,,,70071.0,RuleEngine,319.0,2025-12-30 11:58
1,Plant A,109,Line 9,Press,1176,UnderMaintenance,34.61,1,2025-12-30 13:44,50176,2025-12-30 13:42,Idle,137.0,,,,70072.0,RuleEngine,323.0,2025-12-30 13:19
1,Plant A,109,Line 9,CNC,1177,Running,100.0,0,2025-12-30 13:16,50177,2025-12-30 13:09,UnderMaintenance,,,,,,,,
1,Plant A,109,Line 9,Press,1178,Running,100.0,0,2025-12-30 13:05,50178,2025-12-30 13:04,Fault,,90037.0,2025-12-30 10:55,Running,,,,
1,Plant A,109,Line 9,Press,1179,UnderMaintenance,25.68,2,2025-12-30 13:23,50179,2025-12-30 13:21,Idle,102.0,,,,70073.0,RuleEngine,323.0,2025-12-30 12:40
1,Plant A,109,Line 9,Conveyor,1180,UnderMaintenance,51.12,1,2025-12-30 13:40,50180,2025-12-30 13:34,Fault,,,,,70074.0,RuleEngine,309.0,2025-12-30 13:06
1,Plant A,110,Line 10,Press,1181,UnderMaintenance,31.46,2,2025-12-30 13:23,50181,2025-12-30 13:23,Idle,,,,,70075.0,RuleEngine,306.0,2025-12-30 12:11
1,Plant A,110,Line 10,Conveyor,1182,Idle,39.68,0,2025-12-30 13:24,50182,2025-12-30 13:18,Idle,109.0,90038.0,2025-12-30 12:35,Idle,,,,
1,Plant A,110,Line 10,Press,1183,Idle,60.27,0,2025-12-30 12:22,50183,2025-12-30 12:20,UnderMaintenance,,,,,,,,
1,Plant A,110,Line 10,Conveyor,1184,Running,93.89,0,2025-12-30 13:16,50184,2025-12-30 13:15,Idle,,,,,,,,
1,Plant A,110,Line 10,Conveyor,1185,UnderMaintenance,70.73,2,2025-12-30 14:10,50185,2025-12-30 14:03,UnderMaintenance,,,,,70076.0,RuleEngine,308.0,2025-12-30 13:44
1,Plant A,110,Line 10,Conveyor,1186,Running,100.0,0,2025-12-30 13:19,50186,2025-12-30 13:17,UnderMaintenance,,,,,,,,
1,Plant A,110,Line 10,Pump,1187,Idle,72.11,0,2025-12-30 14:21,50187,2025-12-30 14:19,UnderMaintenance,,,,,,,,
1,Plant A,110,Line 10,Conveyor,1188,Running,84.04,0,2025-12-30 12:52,50188,2025-12-30 12:51,Idle,,,,,,,,
1,Plant A,110,Line 10,Conveyor,1189,Running,88.39,0,2025-12-30 14:42,50189,2025-12-30 14:40,Fault,,90039.0,2025-12-30 12:51,Running,,,,
1,Plant A,110,Line 10,Pump,1190,UnderMaintenance,71.08,2,2025-12-30 14:33,50190,2025-12-30 14:32,UnderMaintenance,,,,,70077.0,RuleEngine,316.0,2025-12-30 14:13
1,Plant A,110,Line 10,Press,1191,Running,95.23,0,2025-12-30 13:52,50191,2025-12-30 13:46,Idle,,,,,,,,
1,Plant A,110,Line 10,CNC,1192,UnderMaintenance,50.28,2,2025-12-30 13:16,50192,2025-12-30 13:13,Fault,,,,,70078.0,User,2007.0,2025-12-30 12:32
1,Plant A,110,Line 10,CNC,1193,Fault,61.93,0,2025-12-30 12:18,50193,2025-12-30 12:15,UnderMaintenance,100.0,90040.0,2025-12-30 09:12,Idle,,,,
1,Plant A,110,Line 10,Press,1194,Idle,76.04,0,2025-12-30 13:08,50194,2025-12-30 13:03,Idle,,,,,,,,
1,Plant A,110,Line 10,Pump,1195,Idle,63.97,0,2025-12-30 13:01,50195,2025-12-30 13:00,Idle,,,,,,,,
1,Plant A,110,Line 10,Press,1196,Idle,54.22,0,2025-12-30 14:04,50196,2025-12-30 14:02,Running,,,,,,,,
1,Plant A,110,Line 10,Conveyor,1197,UnderMaintenance,16.22,2,2025-12-30 13:30,50197,2025-12-30 13:24,UnderMaintenance,107.0,,,,70079.0,User,2049.0,2025-12-30 12:51
1,Plant A,110,Line 10,Press,1198,UnderMaintenance,12.35,2,2025-12-30 15:11,50198,2025-12-30 15:04,Fault,122.0,90041.0,2025-12-30 12:15,Running,70080.0,RuleEngine,326.0,2025-12-30 14:38
1,Plant A,110,Line 10,Pump,1199,UnderMaintenance,56.87,1,2025-12-30 13:50,50199,2025-12-30 13:50,Fault,,,,,70081.0,User,2012.0,2025-12-30 13:45
1,Plant A,110,Line 10,Press,1200,Idle,100.0,0,2025-12-30 12:52,50200,2025-12-30 12:48,Fault,,90042.0,2025-12-30 12:06,Idle,,,,
2,Plant B,201,Line 1,Press,1201,UnderMaintenance,53.18,2,2025-12-30 14:31,50201,2025-12-30 14:27,Idle,,,,,70082.0,User,2045.0,2025-12-30 13:53
2,Plant B,201,Line 1,CNC,1202,UnderMaintenance,46.99,2,2025-12-30 15:15,50202,2025-12-30 15:08,UnderMaintenance,,90043.0,2025-12-30 14:32,Running,70083.0,RuleEngine,308.0,2025-12-30 14:44
2,Plant B,201,Line 1,Conveyor,1203,UnderMaintenance,31.82,1,2025-12-30 14:25,50203,2025-12-30 14:17,UnderMaintenance,,,,,70084.0,User,2010.0,2025-12-30 13:12
2,Plant B,201,Line 1,CNC,1204,Idle,76.2,0,2025-12-30 12:40,50204,2025-12-30 12:37,Running,,90044.0,2025-12-30 09:08,Fault,,,,
2,Plant B,201,Line 1,Conveyor,1205,UnderMaintenance,33.67,2,2025-12-30 15:14,50205,2025-12-30 15:13,UnderMaintenance,,,,,70085.0,User,2031.0,2025-12-30 14:58
2,Plant B,201,Line 1,Pump,1206,UnderMaintenance,34.44,1,2025-12-30 14:03,50206,2025-12-30 14:01,Fault,,,,,70086.0,RuleEngine,316.0,2025-12-30 13:19
2,Plant B,201,Line 1,Conveyor,1207,UnderMaintenance,31.17,1,2025-12-30 12:21,50207,2025-12-30 12:19,Running,,,,,70087.0,User,2009.0,2025-12-30 11:48
2,Plant B,201,Line 1,Press,1208,UnderMaintenance,44.7,2,2025-12-30 14:57,50208,2025-12-30 14:51,UnderMaintenance,,,,,70088.0,User,2043.0,2025-12-30 14:34
2,Plant B,201,Line 1,Conveyor,1209,UnderMaintenance,76.33,1,2025-12-30 12:42,50209,2025-12-30 12:42,Running,,,,,70089.0,RuleEngine,308.0,2025-12-30 11:44
2,Plant B,201,Line 1,Pump,1210,Running,100.0,0,2025-12-30 13:52,50210,2025-12-30 13:43,Fault,,,,,,,,
2,Plant B,201,Line 1,CNC,1211,Idle,70.27,0,2025-12-30 12:46,50211,2025-12-30 12:44,Fault,,,,,,,,
2,Plant B,201,Line 1,Pump,1212,UnderMaintenance,45.18,2,2025-12-30 12:23,50212,2025-12-30 12:17,Running,,,,,70090.0,User,2007.0,2025-12-30 11:47
2,Plant B,201,Line 1,Press,1213,Running,57.33,0,2025-12-30 14:35,50213,2025-12-30 14:35,Running,,90045.0,2025-12-30 13:29,Running,,,,
2,Plant B,201,Line 1,CNC,1214,Idle,61.67,0,2025-12-30 15:00,50214,2025-12-30 14:52,Fault,,,,,,,,
2,Plant B,201,Line 1,CNC,1215,UnderMaintenance,22.95,1,2025-12-30 14:57,50215,2025-12-30 14:49,Running,120.0,,,,70091.0,User,2021.0,2025-12-30 14:24
2,Plant B,201,Line 1,Pump,1216,Idle,75.46,0,2025-12-30 14:53,50216,2025-12-30 14:51,Idle,,,,,,,,
2,Plant B,201,Line 1,Conveyor,1217,Running,92.79,0,2025-12-30 13:02,50217,2025-12-30 12:58,UnderMaintenance,,,,,,,,
2,Plant B,201,Line 1,Pump,1218,Idle,78.38,0,2025-12-30 14:36,50218,2025-12-30 14:29,UnderMaintenance,,,,,,,,
2,Plant B,201,Line 1,Conveyor,1219,UnderMaintenance,44.18,1,2025-12-30 13:00,50219,2025-12-30 12:53,UnderMaintenance,,90046.0,2025-12-30 10:23,Idle,70092.0,User,2034.0,2025-12-30 12:22
2,Plant B,201,Line 1,Pump,1220,Fault,37.72,0,2025-12-30 12:56,50220,2025-12-30 12:53,Idle,139.0,90047.0,2025-12-30 12:10,Fault,,,,
2,Plant B,202,Line 2,Press,1221,UnderMaintenance,59.22,2,2025-12-30 14:12,50221,2025-12-30 14:11,Idle,,,,,70093.0,RuleEngine,310.0,2025-12-30 13:00
2,Plant B,202,Line 2,CNC,1222,Idle,62.2,0,2025-12-30 13:06,50222,2025-12-30 13:02,Idle,,,,,,,,
2,Plant B,202,Line 2,Pump,1223,Running,85.41,0,2025-12-30 13:57,50223,2025-12-30 13:51,Fault,,,,,,,,
2,Plant B,202,Line 2,Pump,1224,UnderMaintenance,22.08,1,2025-12-30 14:10,50224,2025-12-30 14:06,Fault,116.0,,,,70094.0,User,2022.0,2025-12-30 12:42
2,Plant B,202,Line 2,Pump,1225,Running,81.46,0,2025-12-30 14:11,50225,2025-12-30 14:07,Fault,,90048.0,2025-12-30 12:31,Running,,,,
2,Plant B,202,Line 2,CNC,1226,Idle,68.46,0,2025-12-30 14:08,50226,2025-12-30 14:01,Fault,,,,,,,,
2,Plant B,202,Line 2,Conveyor,1227,Running,100.0,0,2025-12-30 13:14,50227,2025-12-30 13:13,Idle,,,,,,,,
2,Plant B,202,Line 2,Conveyor,1228,Fault,23.65,0,2025-12-30 14:06,50228,2025-12-30 14:00,Idle,135.0,,,,,,,
2,Plant B,202,Line 2,Conveyor,1229,Fault,19.71,0,2025-12-30 13:42,50229,2025-12-30 13:42,Idle,125.0,90049.0,2025-12-30 10:53,Fault,,,,
2,Plant B,202,Line 2,CNC,1230,Idle,67.67,0,2025-12-30 12:37,50230,2025-12-30 12:32,Running,,,,,,,,
2,Plant B,202,Line 2,Conveyor,1231,Running,100.0,0,2025-12-30 14:59,50231,2025-12-30 14:56,Fault,,,,,,,,
2,Plant B,202,Line 2,Pump,1232,Idle,46.83,0,2025-12-30 13:52,50232,2025-12-30 13:51,Fault,,,,,,,,
2,Plant B,202,Line 2,Conveyor,1233,Idle,79.79,0,2025-12-30 14:47,50233,2025-12-30 14:46,Running,,,,,,,,
2,Plant B,202,Line 2,Pump,1234,Idle,70.57,0,2025-12-30 14:55,50234,2025-12-30 14:50,Fault,,,,,,,,
2,Plant B,202,Line 2,Press,1235,Running,88.62,0,2025-12-30 14:08,50235,2025-12-30 14:00,UnderMaintenance,,,,,,,,
2,Plant B,202,Line 2,Conveyor,1236,Running,86.1,0,2025-12-30 13:58,50236,2025-12-30 13:52,Idle,,,,,,,,
2,Plant B,202,Line 2,Conveyor,1237,Running,84.11,0,2025-12-30 15:03,50237,2025-12-30 14:56,Idle,,,,,,,,
2,Plant B,202,Line 2,CNC,1238,Fault,16.18,0,2025-12-30 12:27,50238,2025-12-30 12:19,UnderMaintenance,136.0,,,,,,,
2,Plant B,202,Line 2,CNC,1239,UnderMaintenance,30.45,2,2025-12-30 13:39,50239,2025-12-30 13:30,Idle,,,,,70095.0,User,2041.0,2025-12-30 13:10
2,Plant B,202,Line 2,CNC,1240,Idle,79.63,0,2025-12-30 14:17,50240,2025-12-30 14:16,Idle,,90050.0,2025-12-30 10:42,Running,,,,
2,Plant B,203,Line 3,Conveyor,1241,Running,90.46,0,2025-12-30 13:12,50241,2025-12-30 13:11,Running,,,,,,,,
2,Plant B,203,Line 3,Pump,1242,UnderMaintenance,66.56,2,2025-12-30 12:43,50242,2025-12-30 12:34,Running,,,,,70096.0,RuleEngine,325.0,2025-12-30 12:09
2,Plant B,203,Line 3,Conveyor,1243,UnderMaintenance,48.82,1,2025-12-30 12:35,50243,2025-12-30 12:33,Running,,,,,70097.0,User,2015.0,2025-12-30 11:35
2,Plant B,203,Line 3,Conveyor,1244,Fault,59.27,0,2025-12-30 14:36,50244,2025-12-30 14:29,UnderMaintenance,135.0,90051.0,2025-12-30 11:02,Running,,,,
2,Plant B,203,Line 3,CNC,1245,Running,100.0,0,2025-12-30 14:44,50245,2025-12-30 14:43,Fault,,,,,,,,
2,Plant B,203,Line 3,Press,1246,UnderMaintenance,45.44,2,2025-12-30 13:35,50246,2025-12-30 13:32,Fault,111.0,,,,70098.0,RuleEngine,324.0,2025-12-30 13:00
2,Plant B,203,Line 3,Conveyor,1247,Running,86.21,0,2025-12-30 14:19,50247,2025-12-30 14:16,Idle,,,,,,,,
2,Plant B,203,Line 3,Press,1248,Idle,58.82,0,2025-12-30 13:44,50248,2025-12-30 13:42,Running,,,,,,,,
2,Plant B,203,Line 3,Conveyor,1249,Idle,52.84,0,2025-12-30 14:26,50249,2025-12-30 14:18,Fault,,,,,,,,
2,Plant B,203,Line 3,Press,1250,Idle,36.64,0,2025-12-30 12:42,50250,2025-12-30 12:37,Running,,,,,,,,
2,Plant B,203,Line 3,Press,1251,UnderMaintenance,46.07,1,2025-12-30 14:51,50251,2025-12-30 14:44,Running,,,,,70099.0,RuleEngine,328.0,2025-12-30 13:55
2,Plant B,203,Line 3,Pump,1252,UnderMaintenance,65.19,2,2025-12-30 13:52,50252,2025-12-30 13:43,Idle,,,,,70100.0,User,2039.0,2025-12-30 12:31
2,Plant B,203,Line 3,Conveyor,1253,Idle,84.5,0,2025-12-30 13:01,50253,2025-12-30 12:58,UnderMaintenance,,90052.0,2025-12-30 11:24,Idle,,,,
2,Plant B,203,Line 3,CNC,1254,Idle,67.69,0,2025-12-30 14:30,50254,2025-12-30 14:21,UnderMaintenance,,90053.0,2025-12-30 11:05,Fault,,,,
2,Plant B,203,Line 3,Press,1255,Fault,41.25,0,2025-12-30 15:05,50255,2025-12-30 15:01,Idle,132.0,90054.0,2025-12-30 11:22,Fault,,,,
2,Plant B,203,Line 3,Pump,1256,Idle,66.3,0,2025-12-30 12:32,50256,2025-12-30 12:31,Idle,,,,,,,,
2,Plant B,203,Line 3,Pump,1257,Idle,79.16,0,2025-12-30 14:02,50257,2025-12-30 13:54,Idle,,,,,,,,
2,Plant B,203,Line 3,Conveyor,1258,UnderMaintenance,45.65,1,2025-12-30 14:56,50258,2025-12-30 14:52,Idle,,,,,70101.0,User,2009.0,2025-12-30 13:47
2,Plant B,203,Line 3,Conveyor,1259,UnderMaintenance,43.49,2,2025-12-30 12:16,50259,2025-12-30 12:11,Idle,,,,,70102.0,User,2013.0,2025-12-30 11:49
2,Plant B,203,Line 3,CNC,1260,UnderMaintenance,34.89,2,2025-12-30 12:59,50260,2025-12-30 12:55,UnderMaintenance,,,,,70103.0,User,2002.0,2025-12-30 11:51
2,Plant B,204,Line 4,Pump,1261,Running,94.82,0,2025-12-30 14:45,50261,2025-12-30 14:42,Fault,,,,,,,,
2,Plant B,204,Line 4,Conveyor,1262,UnderMaintenance,55.5,2,2025-12-30 14:33,50262,2025-12-30 14:26,Idle,,,,,70104.0,RuleEngine,301.0,2025-12-30 13:25
2,Plant B,204,Line 4,CNC,1263,Idle,53.91,0,2025-12-30 15:09,50263,2025-12-30 15:03,UnderMaintenance,,,,,,,,
2,Plant B,204,Line 4,Conveyor,1264,Idle,68.62,0,2025-12-30 12:47,50264,2025-12-30 12:47,Fault,,,,,,,,
2,Plant B,204,Line 4,Conveyor,1265,UnderMaintenance,64.92,2,2025-12-30 12:37,50265,2025-12-30 12:34,UnderMaintenance,,,,,70105.0,User,2027.0,2025-12-30 11:27
2,Plant B,204,Line 4,Conveyor,1266,UnderMaintenance,62.2,2,2025-12-30 14:44,50266,2025-12-30 14:43,Fault,,,,,70106.0,User,2038.0,2025-12-30 14:38
2,Plant B,204,Line 4,Pump,1267,Running,83.46,0,2025-12-30 14:49,50267,2025-12-30 14:46,Fault,,,,,,,,
2,Plant B,204,Line 4,CNC,1268,Fault,13.84,0,2025-12-30 13:45,50268,2025-12-30 13:41,Idle,114.0,90055.0,2025-12-30 10:38,Idle,,,,
2,Plant B,204,Line 4,CNC,1269,UnderMaintenance,57.99,2,2025-12-30 12:54,50269,2025-12-30 12:50,Running,,,,,70107.0,RuleEngine,319.0,2025-12-30 12:34
2,Plant B,204,Line 4,Press,1270,Running,100.0,0,2025-12-30 14:24,50270,2025-12-30 14:23,Idle,,,,,,,,
2,Plant B,204,Line 4,Pump,1271,Fault,20.63,0,2025-12-30 12:54,50271,2025-12-30 12:51,Running,133.0,,,,,,,
2,Plant B,204,Line 4,CNC,1272,UnderMaintenance,36.72,1,2025-12-30 13:17,50272,2025-12-30 13:17,UnderMaintenance,,,,,70108.0,User,2028.0,2025-12-30 12:52
2,Plant B,204,Line 4,CNC,1273,Running,100.0,0,2025-12-30 15:04,50273,2025-12-30 14:59,Idle,,,,,,,,
2,Plant B,204,Line 4,Conveyor,1274,Idle,49.49,0,2025-12-30 13:34,50274,2025-12-30 13:30,Running,,,,,,,,
2,Plant B,204,Line 4,Conveyor,1275,Idle,65.7,0,2025-12-30 14:59,50275,2025-12-30 14:54,Fault,,,,,,,,
2,Plant B,204,Line 4,Press,1276,UnderMaintenance,38.67,2,2025-12-30 15:07,50276,2025-12-30 15:03,Fault,,,,,70109.0,User,2006.0,2025-12-30 13:53
2,Plant B,204,Line 4,CNC,1277,UnderMaintenance,38.79,1,2025-12-30 12:33,50277,2025-12-30 12:27,UnderMaintenance,103.0,90056.0,2025-12-30 09:03,Running,70110.0,User,2005.0,2025-12-30 11:23
2,Plant B,204,Line 4,CNC,1278,Idle,55.39,0,2025-12-30 13:22,50278,2025-12-30 13:17,Running,,,,,,,,
2,Plant B,204,Line 4,Pump,1279,Idle,61.99,0,2025-12-30 13:24,50279,2025-12-30 13:24,UnderMaintenance,,,,,,,,
2,Plant B,204,Line 4,CNC,1280,UnderMaintenance,30.18,2,2025-12-30 14:29,50280,2025-12-30 14:27,Running,,90057.0,2025-12-30 14:13,Running,70111.0,RuleEngine,309.0,2025-12-30 14:01
2,Plant B,205,Line 5,CNC,1281,Idle,46.41,0,2025-12-30 13:14,50281,2025-12-30 13:13,Fault,,,,,,,,
2,Plant B,205,Line 5,Pump,1282,UnderMaintenance,40.01,1,2025-12-30 14:55,50282,2025-12-30 14:49,Running,107.0,,,,70112.0,RuleEngine,322.0,2025-12-30 14:15
2,Plant B,205,Line 5,Press,1283,Idle,84.31,0,2025-12-30 13:10,50283,2025-12-30 13:01,UnderMaintenance,,90058.0,2025-12-30 12:45,Idle,,,,
2,Plant B,205,Line 5,Conveyor,1284,UnderMaintenance,41.42,1,2025-12-30 13:18,50284,2025-12-30 13:10,UnderMaintenance,,90059.0,2025-12-30 12:00,Fault,70113.0,User,2012.0,2025-12-30 12:24
2,Plant B,205,Line 5,Press,1285,UnderMaintenance,31.25,2,2025-12-30 14:15,50285,2025-12-30 14:12,Running,,90060.0,2025-12-30 12:20,Idle,70114.0,RuleEngine,324.0,2025-12-30 12:57
2,Plant B,205,Line 5,Pump,1286,UnderMaintenance,57.71,1,2025-12-30 12:43,50286,2025-12-30 12:37,Fault,,,,,70115.0,User,2021.0,2025-12-30 11:54
2,Plant B,205,Line 5,Pump,1287,Fault,17.27,0,2025-12-30 13:02,50287,2025-12-30 12:53,Idle,120.0,,,,,,,
2,Plant B,205,Line 5,Conveyor,1288,Running,88.8,0,2025-12-30 12:45,50288,2025-12-30 12:43,Running,,,,,,,,
2,Plant B,205,Line 5,Press,1289,Fault,20.75,0,2025-12-30 14:16,50289,2025-12-30 14:16,Running,107.0,90061.0,2025-12-30 14:10,Fault,,,,
2,Plant B,205,Line 5,Conveyor,1290,Idle,55.48,0,2025-12-30 14:48,50290,2025-12-30 14:40,Idle,,90062.0,2025-12-30 11:03,Fault,,,,
2,Plant B,205,Line 5,Pump,1291,Idle,75.74,0,2025-12-30 14:47,50291,2025-12-30 14:39,Fault,,90063.0,2025-12-30 11:37,Idle,,,,
2,Plant B,205,Line 5,Conveyor,1292,UnderMaintenance,47.49,2,2025-12-30 14:30,50292,2025-12-30 14:26,Fault,,,,,70116.0,User,2012.0,2025-12-30 13:01
2,Plant B,205,Line 5,Pump,1293,UnderMaintenance,48.66,2,2025-12-30 13:49,50293,2025-12-30 13:41,UnderMaintenance,,,,,70117.0,RuleEngine,315.0,2025-12-30 13:12
2,Plant B,205,Line 5,CNC,1294,Fault,18.55,0,2025-12-30 13:41,50294,2025-12-30 13:33,Running,129.0,,,,,,,
2,Plant B,205,Line 5,Pump,1295,Fault,30.76,0,2025-12-30 14:32,50295,2025-12-30 14:23,UnderMaintenance,122.0,,,,,,,
2,Plant B,205,Line 5,Pump,1296,UnderMaintenance,46.33,2,2025-12-30 14:25,50296,2025-12-30 14:21,Idle,103.0,,,,70118.0,RuleEngine,317.0,2025-12-30 13:03
2,Plant B,205,Line 5,Press,1297,Idle,61.23,0,2025-12-30 14:34,50297,2025-12-30 14:25,Running,,,,,,,,
2,Plant B,205,Line 5,CNC,1298,UnderMaintenance,45.15,1,2025-12-30 15:09,50298,2025-12-30 15:02,Idle,,90064.0,2025-12-30 12:04,Fault,70119.0,RuleEngine,316.0,2025-12-30 14:19
2,Plant B,205,Line 5,Conveyor,1299,Running,93.43,0,2025-12-30 14:42,50299,2025-12-30 14:35,Running,,,,,,,,
2,Plant B,205,Line 5,Pump,1300,Idle,46.17,0,2025-12-30 14:58,50300,2025-12-30 14:57,Idle,135.0,90065.0,2025-12-30 13:33,Idle,,,,
2,Plant B,206,Line 6,CNC,1301,Fault,20.24,0,2025-12-30 13:33,50301,2025-12-30 13:24,UnderMaintenance,134.0,,,,,,,
2,Plant B,206,Line 6,Conveyor,1302,UnderMaintenance,33.48,2,2025-12-30 13:49,50302,2025-12-30 13:49,Fault,,,,,70120.0,RuleEngine,326.0,2025-12-30 12:21
2,Plant B,206,Line 6,Press,1303,UnderMaintenance,30.45,2,2025-12-30 13:55,50303,2025-12-30 13:49,Fault,,,,,70121.0,User,2017.0,2025-12-30 13:02
2,Plant B,206,Line 6,CNC,1304,UnderMaintenance,42.15,1,2025-12-30 13:05,50304,2025-12-30 13:02,Fault,,,,,70122.0,RuleEngine,312.0,2025-12-30 12:00
2,Plant B,206,Line 6,Conveyor,1305,UnderMaintenance,60.08,1,2025-12-30 13:21,50305,2025-12-30 13:13,Idle,,,,,70123.0,RuleEngine,320.0,2025-12-30 12:18
2,Plant B,206,Line 6,Press,1306,Running,83.97,0,2025-12-30 14:57,50306,2025-12-30 14:57,Idle,,,,,,,,
2,Plant B,206,Line 6,Conveyor,1307,Idle,85.51,0,2025-12-30 15:04,50307,2025-12-30 14:58,Fault,,90066.0,2025-12-30 13:44,Idle,,,,
2,Plant B,206,Line 6,Press,1308,UnderMaintenance,31.29,1,2025-12-30 12:41,50308,2025-12-30 12:32,Fault,,,,,70124.0,RuleEngine,310.0,2025-12-30 11:33
2,Plant B,206,Line 6,Conveyor,1309,UnderMaintenance,30.51,2,2025-12-30 15:07,50309,2025-12-30 15:07,Fault,,,,,70125.0,User,2030.0,2025-12-30 13:57
2,Plant B,206,Line 6,Pump,1310,Fault,43.6,0,2025-12-30 12:50,50310,2025-12-30 12:42,UnderMaintenance,118.0,,,,,,,
2,Plant B,206,Line 6,Conveyor,1311,Running,100.0,0,2025-12-30 14:59,50311,2025-12-30 14:53,UnderMaintenance,,,,,,,,
2,Plant B,206,Line 6,CNC,1312,Running,100.0,0,2025-12-30 14:58,50312,2025-12-30 14:56,Running,,,,,,,,
2,Plant B,206,Line 6,Pump,1313,Running,79.85,0,2025-12-30 15:15,50313,2025-12-30 15:11,Fault,,90067.0,2025-12-30 11:59,Running,,,,
2,Plant B,206,Line 6,Pump,1314,UnderMaintenance,75.16,1,2025-12-30 13:51,50314,2025-12-30 13:49,Running,,,,,70126.0,User,2016.0,2025-12-30 12:59
2,Plant B,206,Line 6,Conveyor,1315,Fault,34.86,0,2025-12-30 14:28,50315,2025-12-30 14:25,Running,139.0,,,,,,,
2,Plant B,206,Line 6,Conveyor,1316,Fault,65.63,0,2025-12-30 14:12,50316,2025-12-30 14:11,UnderMaintenance,121.0,,,,,,,
2,Plant B,206,Line 6,Conveyor,1317,Idle,70.54,0,2025-12-30 12:47,50317,2025-12-30 12:43,Fault,,90068.0,2025-12-30 10:19,Idle,,,,
2,Plant B,206,Line 6,Pump,1318,Idle,57.01,0,2025-12-30 15:04,50318,2025-12-30 14:57,Running,,,,,,,,
2,Plant B,206,Line 6,Pump,1319,UnderMaintenance,51.39,2,2025-12-30 12:55,50319,2025-12-30 12:53,Running,,,,,70127.0,RuleEngine,313.0,2025-12-30 11:34
2,Plant B,206,Line 6,Press,1320,Fault,20.91,0,2025-12-30 13:03,50320,2025-12-30 13:01,Fault,134.0,,,,,,,
2,Plant B,207,Line 7,Pump,1321,UnderMaintenance,37.49,2,2025-12-30 14:29,50321,2025-12-30 14:23,Fault,,90069.0,2025-12-30 13:43,Fault,70128.0,User,2049.0,2025-12-30 13:01
2,Plant B,207,Line 7,Conveyor,1322,Fault,27.74,0,2025-12-30 12:35,50322,2025-12-30 12:28,Fault,105.0,,,,,,,
2,Plant B,207,Line 7,Press,1323,UnderMaintenance,79.46,1,2025-12-30 13:13,50323,2025-12-30 13:11,UnderMaintenance,,,,,70129.0,RuleEngine,308.0,2025-12-30 12:31
2,Plant B,207,Line 7,Press,1324,Running,87.85,0,2025-12-30 14:41,50324,2025-12-30 14:39,Idle,,,,,,,,
2,Plant B,207,Line 7,CNC,1325,UnderMaintenance,76.23,2,2025-12-30 13:33,50325,2025-12-30 13:31,UnderMaintenance,,,,,70130.0,User,2038.0,2025-12-30 12:33
2,Plant B,207,Line 7,Press,1326,Idle,67.33,0,2025-12-30 13:51,50326,2025-12-30 13:45,Fault,,,,,,,,
2,Plant B,207,Line 7,CNC,1327,Idle,74.81,0,2025-12-30 12:34,50327,2025-12-30 12:33,Running,,,,,,,,
2,Plant B,207,Line 7,Press,1328,Running,89.9,0,2025-12-30 12:42,50328,2025-12-30 12:42,Idle,,,,,,,,
2,Plant B,207,Line 7,Pump,1329,Running,100.0,0,2025-12-30 12:30,50329,2025-12-30 12:25,Fault,,,,,,,,
2,Plant B,207,Line 7,Pump,1330,Idle,73.78,0,2025-12-30 14:36,50330,2025-12-30 14:33,Running,,,,,,,,
2,Plant B,207,Line 7,CNC,1331,UnderMaintenance,65.3,1,2025-12-30 14:57,50331,2025-12-30 14:57,Fault,,,,,70131.0,User,2049.0,2025-12-30 14:18
2,Plant B,207,Line 7,Pump,1332,UnderMaintenance,51.27,1,2025-12-30 12:34,50332,2025-12-30 12:27,Running,,,,,70132.0,User,2041.0,2025-12-30 12:06
2,Plant B,207,Line 7,Press,1333,Running,91.32,0,2025-12-30 12:50,50333,2025-12-30 12:48,Fault,,,,,,,,
2,Plant B,207,Line 7,Press,1334,Idle,64.48,0,2025-12-30 12:42,50334,2025-12-30 12:37,Idle,,,,,,,,
2,Plant B,207,Line 7,CNC,1335,Idle,58.44,0,2025-12-30 14:07,50335,2025-12-30 14:02,UnderMaintenance,,,,,,,,
2,Plant B,207,Line 7,CNC,1336,UnderMaintenance,38.75,1,2025-12-30 14:47,50336,2025-12-30 14:46,Fault,128.0,,,,70133.0,User,2045.0,2025-12-30 14:00
2,Plant B,207,Line 7,Conveyor,1337,Running,100.0,0,2025-12-30 13:43,50337,2025-12-30 13:39,Running,,,,,,,,
2,Plant B,207,Line 7,CNC,1338,UnderMaintenance,63.32,1,2025-12-30 13:16,50338,2025-12-30 13:09,UnderMaintenance,112.0,,,,70134.0,RuleEngine,326.0,2025-12-30 13:07
2,Plant B,207,Line 7,CNC,1339,Running,96.34,0,2025-12-30 14:00,50339,2025-12-30 13:53,UnderMaintenance,,,,,,,,
2,Plant B,207,Line 7,Press,1340,Running,81.22,0,2025-12-30 13:44,50340,2025-12-30 13:44,Running,,,,,,,,
2,Plant B,208,Line 8,Press,1341,UnderMaintenance,44.09,1,2025-12-30 12:49,50341,2025-12-30 12:43,Running,,90070.0,2025-12-30 11:41,Fault,70135.0,User,2039.0,2025-12-30 11:33
2,Plant B,208,Line 8,CNC,1342,UnderMaintenance,41.86,2,2025-12-30 14:49,50342,2025-12-30 14:41,Idle,,,,,70136.0,User,2040.0,2025-12-30 14:41
2,Plant B,208,Line 8,Conveyor,1343,Idle,51.87,0,2025-12-30 13:07,50343,2025-12-30 13:07,Idle,,,,,,,,
2,Plant B,208,Line 8,Press,1344,UnderMaintenance,33.25,1,2025-12-30 12:17,50344,2025-12-30 12:15,Idle,102.0,,,,70137.0,RuleEngine,303.0,2025-12-30 11:47
2,Plant B,208,Line 8,Conveyor,1345,UnderMaintenance,44.3,2,2025-12-30 12:35,50345,2025-12-30 12:32,Fault,,,,,70138.0,User,2034.0,2025-12-30 11:34
2,Plant B,208,Line 8,Pump,1346,Fault,41.15,0,2025-12-30 12:57,50346,2025-12-30 12:57,Running,109.0,90071.0,2025-12-30 11:46,Fault,,,,
2,Plant B,208,Line 8,Press,1347,UnderMaintenance,40.65,2,2025-12-30 13:30,50347,2025-12-30 13:21,UnderMaintenance,,,,,70139.0,User,2016.0,2025-12-30 13:13
2,Plant B,208,Line 8,Pump,1348,Running,49.76,0,2025-12-30 14:51,50348,2025-12-30 14:49,UnderMaintenance,,90072.0,2025-12-30 14:03,Running,,,,
2,Plant B,208,Line 8,Conveyor,1349,Fault,54.07,0,2025-12-30 15:15,50349,2025-12-30 15:09,UnderMaintenance,112.0,,,,,,,
2,Plant B,208,Line 8,Pump,1350,Idle,67.76,0,2025-12-30 12:16,50350,2025-12-30 12:14,Idle,,,,,,,,
2,Plant B,208,Line 8,Press,1351,Running,87.47,0,2025-12-30 13:43,50351,2025-12-30 13:38,Idle,,,,,,,,
2,Plant B,208,Line 8,CNC,1352,UnderMaintenance,60.33,2,2025-12-30 14:01,50352,2025-12-30 14:01,Running,,,,,70140.0,RuleEngine,325.0,2025-12-30 13:15
2,Plant B,208,Line 8,Press,1353,UnderMaintenance,35.14,1,2025-12-30 14:42,50353,2025-12-30 14:39,UnderMaintenance,,,,,70141.0,User,2020.0,2025-12-30 14:22
2,Plant B,208,Line 8,CNC,1354,UnderMaintenance,53.89,1,2025-12-30 12:27,50354,2025-12-30 12:19,UnderMaintenance,,,,,70142.0,User,2024.0,2025-12-30 11:50
2,Plant B,208,Line 8,Conveyor,1355,Running,98.92,0,2025-12-30 13:50,50355,2025-12-30 13:49,UnderMaintenance,,,,,,,,
2,Plant B,208,Line 8,Pump,1356,UnderMaintenance,43.61,1,2025-12-30 14:08,50356,2025-12-30 13:59,Fault,,,,,70143.0,User,2048.0,2025-12-30 12:55
2,Plant B,208,Line 8,CNC,1357,Running,83.26,0,2025-12-30 15:06,50357,2025-12-30 14:59,Running,,,,,,,,
2,Plant B,208,Line 8,Press,1358,UnderMaintenance,42.24,1,2025-12-30 13:49,50358,2025-12-30 13:48,Fault,108.0,,,,70144.0,User,2012.0,2025-12-30 12:32
2,Plant B,208,Line 8,CNC,1359,Idle,64.61,0,2025-12-30 15:15,50359,2025-12-30 15:08,Fault,,,,,,,,
2,Plant B,208,Line 8,CNC,1360,Running,84.5,0,2025-12-30 13:37,50360,2025-12-30 13:30,Running,,,,,,,,
2,Plant B,209,Line 9,Press,1361,UnderMaintenance,34.72,1,2025-12-30 15:11,50361,2025-12-30 15:05,UnderMaintenance,,,,,70145.0,User,2029.0,2025-12-30 14:23
2,Plant B,209,Line 9,CNC,1362,UnderMaintenance,44.66,2,2025-12-30 12:51,50362,2025-12-30 12:51,Running,112.0,,,,70146.0,RuleEngine,313.0,2025-12-30 11:56
2,Plant B,209,Line 9,Conveyor,1363,Fault,58.96,0,2025-12-30 13:52,50363,2025-12-30 13:52,Fault,118.0,,,,,,,
2,Plant B,209,Line 9,CNC,1364,Running,85.13,0,2025-12-30 14:30,50364,2025-12-30 14:23,Running,,,,,,,,
2,Plant B,209,Line 9,Press,1365,UnderMaintenance,36.81,2,2025-12-30 12:21,50365,2025-12-30 12:12,Idle,,90073.0,2025-12-30 08:28,Running,70147.0,User,2046.0,2025-12-30 12:10
2,Plant B,209,Line 9,CNC,1366,Idle,51.25,0,2025-12-30 14:15,50366,2025-12-30 14:08,Running,,,,,,,,
2,Plant B,209,Line 9,Pump,1367,Running,100.0,0,2025-12-30 13:11,50367,2025-12-30 13:04,Fault,,,,,,,,
2,Plant B,209,Line 9,CNC,1368,UnderMaintenance,59.19,1,2025-12-30 15:10,50368,2025-12-30 15:10,Idle,,,,,70148.0,User,2037.0,2025-12-30 14:06
2,Plant B,209,Line 9,Press,1369,Running,96.86,0,2025-12-30 13:55,50369,2025-12-30 13:49,Running,,,,,,,,
2,Plant B,209,Line 9,Pump,1370,UnderMaintenance,63.31,1,2025-12-30 12:39,50370,2025-12-30 12:36,Idle,,90074.0,2025-12-30 09:39,Fault,70149.0,User,2015.0,2025-12-30 11:34
2,Plant B,209,Line 9,Press,1371,Running,87.86,0,2025-12-30 12:25,50371,2025-12-30 12:25,Fault,,,,,,,,
2,Plant B,209,Line 9,Conveyor,1372,UnderMaintenance,38.89,1,2025-12-30 12:43,50372,2025-12-30 12:39,Idle,,90075.0,2025-12-30 11:00,Running,70150.0,User,2020.0,2025-12-30 11:22
2,Plant B,209,Line 9,CNC,1373,UnderMaintenance,40.9,2,2025-12-30 12:46,50373,2025-12-30 12:44,Fault,107.0,,,,70151.0,User,2000.0,2025-12-30 12:14
2,Plant B,209,Line 9,Conveyor,1374,UnderMaintenance,47.5,1,2025-12-30 14:31,50374,2025-12-30 14:30,Fault,,,,,70152.0,User,2008.0,2025-12-30 14:09
2,Plant B,209,Line 9,CNC,1375,UnderMaintenance,59.3,2,2025-12-30 14:46,50375,2025-12-30 14:43,Fault,,,,,70153.0,RuleEngine,327.0,2025-12-30 13:25
2,Plant B,209,Line 9,Conveyor,1376,UnderMaintenance,35.6,1,2025-12-30 13:47,50376,2025-12-30 13:38,UnderMaintenance,,,,,70154.0,User,2026.0,2025-12-30 12:31
2,Plant B,209,Line 9,Press,1377,UnderMaintenance,56.55,1,2025-12-30 14:24,50377,2025-12-30 14:17,Idle,,,,,70155.0,User,2014.0,2025-12-30 13:19
2,Plant B,209,Line 9,CNC,1378,Idle,71.86,0,2025-12-30 12:49,50378,2025-12-30 12:49,Idle,,,,,,,,
2,Plant B,209,Line 9,Conveyor,1379,UnderMaintenance,34.48,2,2025-12-30 13:56,50379,2025-12-30 13:51,Fault,,,,,70156.0,User,2001.0,2025-12-30 13:39
2,Plant B,209,Line 9,Conveyor,1380,UnderMaintenance,44.89,1,2025-12-30 13:34,50380,2025-12-30 13:29,Fault,,,,,70157.0,User,2020.0,2025-12-30 13:19
2,Plant B,210,Line 10,Press,1381,UnderMaintenance,54.54,1,2025-12-30 13:07,50381,2025-12-30 13:03,UnderMaintenance,,,,,70158.0,User,2012.0,2025-12-30 12:06
2,Plant B,210,Line 10,Press,1382,Fault,23.49,0,2025-12-30 13:36,50382,2025-12-30 13:30,Running,121.0,,,,,,,
2,Plant B,210,Line 10,Conveyor,1383,Idle,73.43,0,2025-12-30 12:16,50383,2025-12-30 12:13,Running,,,,,,,,
2,Plant B,210,Line 10,Press,1384,UnderMaintenance,64.18,1,2025-12-30 14:07,50384,2025-12-30 14:06,UnderMaintenance,,,,,70159.0,User,2026.0,2025-12-30 13:05
2,Plant B,210,Line 10,Pump,1385,Running,100.0,0,2025-12-30 13:28,50385,2025-12-30 13:20,Idle,,,,,,,,
2,Plant B,210,Line 10,Conveyor,1386,Idle,65.13,0,2025-12-30 14:26,50386,2025-12-30 14:20,Idle,,90076.0,2025-12-30 10:51,Running,,,,
2,Plant B,210,Line 10,Press,1387,UnderMaintenance,40.97,1,2025-12-30 12:33,50387,2025-12-30 12:31,Fault,,90077.0,2025-12-30 10:07,Running,70160.0,User,2015.0,2025-12-30 11:10
2,Plant B,210,Line 10,Press,1388,UnderMaintenance,59.78,1,2025-12-30 14:31,50388,2025-12-30 14:23,Idle,,,,,70161.0,RuleEngine,323.0,2025-12-30 14:23
2,Plant B,210,Line 10,CNC,1389,Running,100.0,0,2025-12-30 12:59,50389,2025-12-30 12:59,Running,,,,,,,,
2,Plant B,210,Line 10,Press,1390,UnderMaintenance,48.39,1,2025-12-30 15:11,50390,2025-12-30 15:11,Running,,90078.0,2025-12-30 13:22,Idle,70162.0,User,2034.0,2025-12-30 15:04
2,Plant B,210,Line 10,CNC,1391,UnderMaintenance,32.52,2,2025-12-30 12:34,50391,2025-12-30 12:30,Idle,102.0,,,,70163.0,RuleEngine,312.0,2025-12-30 12:22
2,Plant B,210,Line 10,CNC,1392,Idle,70.66,0,2025-12-30 12:57,50392,2025-12-30 12:49,Running,,,,,,,,
2,Plant B,210,Line 10,CNC,1393,Fault,59.5,0,2025-12-30 13:08,50393,2025-12-30 13:03,Idle,112.0,90079.0,2025-12-30 12:48,Fault,,,,
2,Plant B,210,Line 10,Conveyor,1394,Idle,78.19,0,2025-12-30 14:58,50394,2025-12-30 14:56,UnderMaintenance,,,,,,,,
2,Plant B,210,Line 10,Pump,1395,Idle,58.74,0,2025-12-30 12:33,50395,2025-12-30 12:27,Fault,,,,,,,,
2,Plant B,210,Line 10,Conveyor,1396,Running,90.26,0,2025-12-30 12:56,50396,2025-12-30 12:53,Running,,,,,,,,
2,Plant B,210,Line 10,Pump,1397,Fault,43.37,0,2025-12-30 13:31,50397,2025-12-30 13:26,Idle,132.0,,,,,,,
2,Plant B,210,Line 10,CNC,1398,UnderMaintenance,27.82,2,2025-12-30 14:01,50398,2025-12-30 13:54,UnderMaintenance,120.0,90080.0,2025-12-30 10:06,Fault,70164.0,User,2026.0,2025-12-30 12:34
2,Plant B,210,Line 10,Pump,1399,UnderMaintenance,41.05,1,2025-12-30 14:58,50399,2025-12-30 14:55,UnderMaintenance,,,,,70165.0,RuleEngine,307.0,2025-12-30 14:43
2,Plant B,210,Line 10,Pump,1400,Running,100.0,0,2025-12-30 12:28,50400,2025-12-30 12:25,Fault,,90081.0,2025-12-30 10:45,Fault,,,,
